Aufgabe;Methode;n;Q1;Q3;IQR;Obere_Grenze;IQR_anwendbar;Auffällige
Luftdruck_Value_Maxima;IsoGlyph;13;9,0;2096,699999999997;2087,699999999997;5228,249999999993;True;0
Luftdruck_Value_Maxima;ScaledGlyph;12;11,302499999994325;3020,9999999999964;3009,697500000002;7535,546249999999;True;0
Luftdruck_Value_Maxima;VSUP;13;12,069999999992433;2203,439999999988;2191,3699999999953;5490,494999999981;True;0
Luftdruck_Value_Minima;IsoGlyph;12;102,26499999999578;4278,877500000002;4176,612500000007;10543,796250000012;True;0
Luftdruck_Value_Minima;ScaledGlyph;13;94,58000000000175;1280,5099999999948;1185,929999999993;3059,4049999999843;True;1
Luftdruck_Value_Minima;VSUP;12;11,99750000000131;2448,924999999992;2436,9274999999907;6104,316249999978;True;0
Niederschlag_Uncertainty_Maxima;IsoGlyph;12;1,8797703499999997e-05;3,198593225e-05;1,3188228750000004e-05;5,176827537500001e-05;True;1
Niederschlag_Uncertainty_Maxima;ScaledGlyph;13;4,716495000000001e-06;3,0720927999999996e-05;2,6004432999999995e-05;6,972757749999999e-05;True;1
Niederschlag_Uncertainty_Maxima;VSUP;13;2,3002188000000002e-05;3,6891562e-05;1,3889373999999998e-05;5,7725623e-05;True;1
Niederschlag_Uncertainty_Minima;IsoGlyph;13;2,98538566e-08;7,556923096e-07;7,258384529999999e-07;1,8444499891e-06;True;1
Niederschlag_Uncertainty_Minima;ScaledGlyph;12;5,135093996e-07;1,2765252346e-06;7,630158350000001e-07;2,4210489871e-06;True;1
Niederschlag_Uncertainty_Minima;VSUP;12;4,857494545999999e-07;7,4455633846e-06;6,95981393e-06;1,7885284279599998e-05;True;3
