Teilnehmer;Aufgabe;Methode;Antwort;Sollwert;Gültig;Ungültigkeitsgrund;Zeit_s;trialOrder;Variable;Wertspanne;Fehler_absolut;Fehler_%;Exakt;Innerhalb_1%;IQR_auffällig
08e4cf92-36c9-4904-af75-845c4216238d;Niederschlag_Uncertainty_Maxima;ScaledGlyph;5,0181607e-05;7,260401e-05;True;;81,641;6,0;Niederschlag_Uncertainty;7,26025720096e-05;2,2422403e-05;30,883758494168994;False;False;False
08e4cf92-36c9-4904-af75-845c4216238d;Niederschlag_Uncertainty_Minima;IsoGlyph;3,888222e-07;1,4379904e-09;True;;75,239;7,0;Niederschlag_Uncertainty;7,26025720096e-05;3,873842096e-07;0,533568162776351;False;True;False
08e4cf92-36c9-4904-af75-845c4216238d;Luftdruck_Value_Maxima;VSUP;98017,36;103119,4;True;;29,906;8,0;Luftdruck_Value;5110,87999999999;5102,039999999994;99,82703565726457;False;False;False
08e4cf92-36c9-4904-af75-845c4216238d;Luftdruck_Value_Minima;ScaledGlyph;99289,03;98008,52;True;;35,108;9,0;Luftdruck_Value;5110,87999999999;1280,5099999999948;25,054589424913072;False;False;False
08e4cf92-36c9-4904-af75-845c4216238d;Niederschlag_Uncertainty_Maxima;VSUP;4,987572e-05;7,260401e-05;True;;39,851;10,0;Niederschlag_Uncertainty;7,26025720096e-05;2,2728289999999996e-05;31,305075524038887;False;False;False
08e4cf92-36c9-4904-af75-845c4216238d;Niederschlag_Uncertainty_Minima;ScaledGlyph;9,927097e-07;1,4379904e-09;True;;39,61;11,0;Niederschlag_Uncertainty;7,26025720096e-05;9,912717096000001e-07;1,365339659687163;False;False;False
08e4cf92-36c9-4904-af75-845c4216238d;Luftdruck_Value_Maxima;IsoGlyph;101022,7;103119,4;True;;29,887;12,0;Luftdruck_Value;5110,87999999999;2096,699999999997;41,02424631374638;False;False;False
08e4cf92-36c9-4904-af75-845c4216238d;Luftdruck_Value_Minima;VSUP;99918,64;98008,52;True;;28,451;13,0;Luftdruck_Value;5110,87999999999;1910,1199999999953;37,373602980308654;False;False;False
08e4cf92-36c9-4904-af75-845c4216238d;Niederschlag_Uncertainty_Maxima;IsoGlyph;1,4408869e-07;7,260401e-05;True;;16,843;14,0;Niederschlag_Uncertainty;7,26025720096e-05;7,245992131e-05;99,80351839383717;False;False;True
08e4cf92-36c9-4904-af75-845c4216238d;Niederschlag_Uncertainty_Minima;VSUP;7,5194424e-07;1,4379904e-09;True;;11,787;15,0;Niederschlag_Uncertainty;7,26025720096e-05;7,505062496e-07;1,0337185430576246;False;False;False
08e4cf92-36c9-4904-af75-845c4216238d;Luftdruck_Value_Maxima;ScaledGlyph;99602,41;103119,4;True;;53,414;16,0;Luftdruck_Value;5110,87999999999;3516,9899999999907;68,81378549290919;False;False;False
08e4cf92-36c9-4904-af75-845c4216238d;Luftdruck_Value_Minima;IsoGlyph;103119,4;98008,52;True;;63,127;17,0;Luftdruck_Value;5110,87999999999;5110,87999999999;100,0;False;False;False
29f255aa-1285-4664-9c07-0f88b583bd3b;Luftdruck_Value_Maxima;IsoGlyph;100326,69;103119,4;True;;61,133;6,0;Luftdruck_Value;5110,87999999999;2792,709999999992;54,64244904987003;False;False;False
29f255aa-1285-4664-9c07-0f88b583bd3b;Niederschlag_Uncertainty_Maxima;VSUP;4,9601822e-05;7,260401e-05;True;;19,968;7,0;Niederschlag_Uncertainty;7,26025720096e-05;2,3002188000000002e-05;31,682332131372007;False;False;False
29f255aa-1285-4664-9c07-0f88b583bd3b;Luftdruck_Value_Minima;VSUP;101349,62;98008,52;True;;23,941;8,0;Luftdruck_Value;5110,87999999999;3341,0999999999913;65,3723037911279;False;False;False
29f255aa-1285-4664-9c07-0f88b583bd3b;Niederschlag_Uncertainty_Minima;ScaledGlyph;2,9476644e-07;1,4379904e-09;True;;25,929;9,0;Niederschlag_Uncertainty;7,26025720096e-05;2,933284496e-07;0,4040193638886707;False;True;False
29f255aa-1285-4664-9c07-0f88b583bd3b;Luftdruck_Value_Maxima;VSUP;100322,9;103119,4;True;;14,751;10,0;Luftdruck_Value;5110,87999999999;2796,5;54,71660457690271;False;False;False
29f255aa-1285-4664-9c07-0f88b583bd3b;Niederschlag_Uncertainty_Maxima;ScaledGlyph;1,4379904e-09;7,260401e-05;True;;11,263;11,0;Niederschlag_Uncertainty;7,26025720096e-05;7,26025720096e-05;100,0;False;False;True
29f255aa-1285-4664-9c07-0f88b583bd3b;Luftdruck_Value_Minima;ScaledGlyph;101022,18;98008,52;True;;22,625;12,0;Luftdruck_Value;5110,87999999999;3013,659999999989;58,96557931315145;False;False;False
29f255aa-1285-4664-9c07-0f88b583bd3b;Niederschlag_Uncertainty_Minima;IsoGlyph;1,4379904e-09;1,4379904e-09;True;;15,326;13,0;Niederschlag_Uncertainty;7,26025720096e-05;0,0;0,0;True;True;False
29f255aa-1285-4664-9c07-0f88b583bd3b;Luftdruck_Value_Maxima;ScaledGlyph;98078,99;103119,4;True;;25,372;14,0;Luftdruck_Value;5110,87999999999;5040,409999999989;98,62117678364585;False;False;False
29f255aa-1285-4664-9c07-0f88b583bd3b;Niederschlag_Uncertainty_Maxima;IsoGlyph;5,2289022e-05;7,260401e-05;True;;14,307;15,0;Niederschlag_Uncertainty;7,26025720096e-05;2,0314987999999998e-05;27,981085845435082;False;False;False
29f255aa-1285-4664-9c07-0f88b583bd3b;Luftdruck_Value_Minima;IsoGlyph;102335,21;98008,52;True;;10,491;16,0;Luftdruck_Value;5110,87999999999;4326,690000000002;84,65645837898778;False;False;False
29f255aa-1285-4664-9c07-0f88b583bd3b;Niederschlag_Uncertainty_Minima;VSUP;2,2052009e-05;1,4379904e-09;True;;16,412;17,0;Niederschlag_Uncertainty;7,26025720096e-05;2,20505710096e-05;30,371611362038692;False;False;True
4514dbd4-54fe-40d2-96d6-27bbb7accc29;Luftdruck_Value_Minima;IsoGlyph;98115,08;98008,52;True;;76,466;6,0;Luftdruck_Value;5110,87999999999;106,55999999999767;2,084963841843242;False;False;False
4514dbd4-54fe-40d2-96d6-27bbb7accc29;Luftdruck_Value_Maxima;ScaledGlyph;103110,4;103119,4;True;;50,307;7,0;Luftdruck_Value;5110,87999999999;9,0;0,17609491907460198;False;True;False
4514dbd4-54fe-40d2-96d6-27bbb7accc29;Niederschlag_Uncertainty_Minima;VSUP;5,084911e-07;1,4379904e-09;True;;96,77;8,0;Niederschlag_Uncertainty;7,26025720096e-05;5,070531096e-07;0,6983955190085469;False;True;False
4514dbd4-54fe-40d2-96d6-27bbb7accc29;Niederschlag_Uncertainty_Maxima;IsoGlyph;4,0820967e-05;7,260401e-05;True;;186,569;9,0;Niederschlag_Uncertainty;7,26025720096e-05;3,1783043e-05;43,77674525882834;False;False;False
4514dbd4-54fe-40d2-96d6-27bbb7accc29;Luftdruck_Value_Minima;VSUP;98010,63;98008,52;True;;106,515;10,0;Luftdruck_Value;5110,87999999999;2,110000000000582;0,04128447547194585;False;True;False
4514dbd4-54fe-40d2-96d6-27bbb7accc29;Luftdruck_Value_Maxima;IsoGlyph;103076,73;103119,4;True;;101,057;11,0;Luftdruck_Value;5110,87999999999;42,669999999998254;0,8348855774347732;False;True;False
4514dbd4-54fe-40d2-96d6-27bbb7accc29;Niederschlag_Uncertainty_Minima;ScaledGlyph;1,6831709e-06;1,4379904e-09;True;;52,858;12,0;Niederschlag_Uncertainty;7,26025720096e-05;1,6817329096e-06;2,3163544528114377;False;False;False
4514dbd4-54fe-40d2-96d6-27bbb7accc29;Niederschlag_Uncertainty_Maxima;VSUP;4,490388e-05;7,260401e-05;True;;57,771;13,0;Niederschlag_Uncertainty;7,26025720096e-05;2,7700129999999998e-05;38,15309738109182;False;False;False
4514dbd4-54fe-40d2-96d6-27bbb7accc29;Luftdruck_Value_Minima;ScaledGlyph;98168,32;98008,52;True;;41,663;14,0;Luftdruck_Value;5110,87999999999;159,8000000000029;3,126663118680212;False;False;False
4514dbd4-54fe-40d2-96d6-27bbb7accc29;Luftdruck_Value_Maxima;VSUP;103003,45;103119,4;True;;35,835;15,0;Luftdruck_Value;5110,87999999999;115,94999999999709;2,2686895407443983;False;False;False
4514dbd4-54fe-40d2-96d6-27bbb7accc29;Niederschlag_Uncertainty_Minima;IsoGlyph;4,5820607e-07;1,4379904e-09;True;;58,568;16,0;Niederschlag_Uncertainty;7,26025720096e-05;4,567680796e-07;0,6291348459936146;False;True;False
4514dbd4-54fe-40d2-96d6-27bbb7accc29;Niederschlag_Uncertainty_Maxima;ScaledGlyph;4,1883082e-05;7,260401e-05;True;;60,724;17,0;Niederschlag_Uncertainty;7,26025720096e-05;3,0720927999999996e-05;42,313828766201105;False;False;False
500e39fd-101a-4580-a6be-ae82ef7f18b1;Niederschlag_Uncertainty_Minima;VSUP;;1,4379904e-09;False;-999 (keine Antwort);26,154;6,0;Niederschlag_Uncertainty;7,26025720096e-05;;;;;False
500e39fd-101a-4580-a6be-ae82ef7f18b1;Luftdruck_Value_Minima;IsoGlyph;;98008,52;False;-999 (keine Antwort);44,919;7,0;Luftdruck_Value;5110,87999999999;;;;;False
500e39fd-101a-4580-a6be-ae82ef7f18b1;Niederschlag_Uncertainty_Maxima;IsoGlyph;;7,260401e-05;False;-999 (keine Antwort);63,311;8,0;Niederschlag_Uncertainty;7,26025720096e-05;;;;;False
500e39fd-101a-4580-a6be-ae82ef7f18b1;Luftdruck_Value_Maxima;ScaledGlyph;;103119,4;False;-999 (keine Antwort);13,444;9,0;Luftdruck_Value;5110,87999999999;;;;;False
500e39fd-101a-4580-a6be-ae82ef7f18b1;Niederschlag_Uncertainty_Minima;ScaledGlyph;;1,4379904e-09;False;-999 (keine Antwort);58,788;10,0;Niederschlag_Uncertainty;7,26025720096e-05;;;;;False
500e39fd-101a-4580-a6be-ae82ef7f18b1;Luftdruck_Value_Minima;VSUP;;98008,52;False;-999 (keine Antwort);30,088;11,0;Luftdruck_Value;5110,87999999999;;;;;False
500e39fd-101a-4580-a6be-ae82ef7f18b1;Niederschlag_Uncertainty_Maxima;VSUP;4,804514e-07;7,260401e-05;True;;124,907;12,0;Niederschlag_Uncertainty;7,26025720096e-05;7,21235586e-05;99,34022528907562;False;False;True
500e39fd-101a-4580-a6be-ae82ef7f18b1;Luftdruck_Value_Maxima;IsoGlyph;101101,42;103119,4;True;;44,672;13,0;Luftdruck_Value;5110,87999999999;2017,979999999996;39,48400275490717;False;False;False
500e39fd-101a-4580-a6be-ae82ef7f18b1;Niederschlag_Uncertainty_Minima;IsoGlyph;6,67759e-05;1,4379904e-09;True;;21,29;14,0;Niederschlag_Uncertainty;7,26025720096e-05;6,67744620096e-05;91,97258466376458;False;False;True
500e39fd-101a-4580-a6be-ae82ef7f18b1;Luftdruck_Value_Minima;ScaledGlyph;101762,5;98008,52;True;;56,499;15,0;Luftdruck_Value;5110,87999999999;3753,979999999996;73,45075603418596;False;False;True
500e39fd-101a-4580-a6be-ae82ef7f18b1;Niederschlag_Uncertainty_Maxima;ScaledGlyph;2,7892203e-05;7,260401e-05;True;;28,222;16,0;Niederschlag_Uncertainty;7,26025720096e-05;4,4711807e-05;61,584329263277205;False;False;False
500e39fd-101a-4580-a6be-ae82ef7f18b1;Luftdruck_Value_Maxima;VSUP;102323,51;103119,4;True;;21,607;17,0;Luftdruck_Value;5110,87999999999;795,8899999999994;15,57246501580943;False;False;False
5ec895f4-c4a9-4096-8048-bf78c36aeb0e;Niederschlag_Uncertainty_Maxima;ScaledGlyph;2,831073e-05;7,260401e-05;True;;45,788;6,0;Niederschlag_Uncertainty;7,26025720096e-05;4,429328e-05;61,007866214633886;False;False;False
5ec895f4-c4a9-4096-8048-bf78c36aeb0e;Niederschlag_Uncertainty_Minima;IsoGlyph;7,571303e-07;1,4379904e-09;True;;108,86;7,0;Niederschlag_Uncertainty;7,26025720096e-05;7,556923096e-07;1,0408616233321282;False;False;False
5ec895f4-c4a9-4096-8048-bf78c36aeb0e;Luftdruck_Value_Maxima;VSUP;100536,99;103119,4;True;;125,329;8,0;Luftdruck_Value;5110,87999999999;2582,409999999989;50,5276977741601;False;False;False
5ec895f4-c4a9-4096-8048-bf78c36aeb0e;Luftdruck_Value_Minima;ScaledGlyph;100759,3;98008,52;True;;146,478;9,0;Luftdruck_Value;5110,87999999999;2750,779999999999;53,822042388003716;False;False;False
5ec895f4-c4a9-4096-8048-bf78c36aeb0e;Niederschlag_Uncertainty_Maxima;IsoGlyph;3,8459824e-05;7,260401e-05;True;;77,044;10,0;Niederschlag_Uncertainty;7,26025720096e-05;3,4144186e-05;47,02889312996408;False;False;False
5ec895f4-c4a9-4096-8048-bf78c36aeb0e;Niederschlag_Uncertainty_Minima;VSUP;3,5730805e-05;1,4379904e-09;True;;105,291;11,0;Niederschlag_Uncertainty;7,26025720096e-05;3,57293670096e-05;49,21226069632303;False;False;True
5ec895f4-c4a9-4096-8048-bf78c36aeb0e;Luftdruck_Value_Maxima;ScaledGlyph;100263,73;103119,4;True;;120,367;12,0;Luftdruck_Value;5110,87999999999;2855,6699999999983;55,87433083930759;False;False;False
5ec895f4-c4a9-4096-8048-bf78c36aeb0e;Luftdruck_Value_Minima;IsoGlyph;98863,44;98008,52;True;;172,372;13,0;Luftdruck_Value;5110,87999999999;854,9199999999983;16,7274520239176;False;False;False
5ec895f4-c4a9-4096-8048-bf78c36aeb0e;Niederschlag_Uncertainty_Maxima;VSUP;4,243185e-05;7,260401e-05;True;;115,971;14,0;Niederschlag_Uncertainty;7,26025720096e-05;3,017216e-05;41,55797675598935;False;False;False
5ec895f4-c4a9-4096-8048-bf78c36aeb0e;Niederschlag_Uncertainty_Minima;ScaledGlyph;6,9417484e-07;1,4379904e-09;True;;70,114;15,0;Niederschlag_Uncertainty;7,26025720096e-05;6,927368495999999e-07;0,9541491856630114;False;True;False
5ec895f4-c4a9-4096-8048-bf78c36aeb0e;Luftdruck_Value_Maxima;IsoGlyph;99479,9;103119,4;True;;106,218;16,0;Luftdruck_Value;5110,87999999999;3639,5;71,2108286635571;False;False;False
5ec895f4-c4a9-4096-8048-bf78c36aeb0e;Luftdruck_Value_Minima;VSUP;100261,9;98008,52;True;;75,144;17,0;Luftdruck_Value;5110,87999999999;2253,37999999999;44,089863193813876;False;False;False
86e7d467-4933-49c3-a11a-6e322d55f191;Niederschlag_Uncertainty_Minima;VSUP;1,7845151e-08;1,4379904e-09;True;;31,738;6,0;Niederschlag_Uncertainty;7,26025720096e-05;1,64071606e-08;0,02259859416251884;False;True;False
86e7d467-4933-49c3-a11a-6e322d55f191;Luftdruck_Value_Minima;IsoGlyph;98158,59;98008,52;True;;25,678;7,0;Luftdruck_Value;5110,87999999999;150,06999999999243;2,936284945058243;False;False;False
86e7d467-4933-49c3-a11a-6e322d55f191;Niederschlag_Uncertainty_Maxima;IsoGlyph;6,018962e-05;7,260401e-05;True;;146,178;8,0;Niederschlag_Uncertainty;7,26025720096e-05;1,241439e-05;17,099104971595892;False;False;False
86e7d467-4933-49c3-a11a-6e322d55f191;Luftdruck_Value_Maxima;ScaledGlyph;103107,33;103119,4;True;;65,767;9,0;Luftdruck_Value;5110,87999999999;12,069999999992433;0,2361628525810126;False;True;False
86e7d467-4933-49c3-a11a-6e322d55f191;Niederschlag_Uncertainty_Minima;IsoGlyph;3,1291847e-08;1,4379904e-09;True;;87,122;10,0;Niederschlag_Uncertainty;7,26025720096e-05;2,98538566e-08;0,0411195578526509;False;True;False
86e7d467-4933-49c3-a11a-6e322d55f191;Luftdruck_Value_Minima;ScaledGlyph;98070,74;98008,52;True;;14,895;11,0;Luftdruck_Value;5110,87999999999;62,220000000001164;1,2174028738691045;False;False;False
86e7d467-4933-49c3-a11a-6e322d55f191;Niederschlag_Uncertainty_Maxima;ScaledGlyph;6,925494e-05;7,260401e-05;True;;78,086;12,0;Niederschlag_Uncertainty;7,26025720096e-05;3,349070000000003e-06;4,612880656014729;False;False;False
86e7d467-4933-49c3-a11a-6e322d55f191;Luftdruck_Value_Maxima;VSUP;103107,33;103119,4;True;;48,303;13,0;Luftdruck_Value;5110,87999999999;12,069999999992433;0,2361628525810126;False;True;False
86e7d467-4933-49c3-a11a-6e322d55f191;Niederschlag_Uncertainty_Minima;ScaledGlyph;9,532255e-07;1,4379904e-09;True;;183,99;14,0;Niederschlag_Uncertainty;7,26025720096e-05;9,517875096e-07;1,3109556359437904;False;False;False
86e7d467-4933-49c3-a11a-6e322d55f191;Luftdruck_Value_Minima;VSUP;98010,63;98008,52;True;;45,795;15,0;Luftdruck_Value;5110,87999999999;2,110000000000582;0,04128447547194585;False;True;False
86e7d467-4933-49c3-a11a-6e322d55f191;Niederschlag_Uncertainty_Maxima;VSUP;6,896072e-05;7,260401e-05;True;;49,55;16,0;Niederschlag_Uncertainty;7,26025720096e-05;3,643289999999999e-06;5,018128007253322;False;False;False
86e7d467-4933-49c3-a11a-6e322d55f191;Luftdruck_Value_Maxima;IsoGlyph;103110,4;103119,4;True;;29,395;17,0;Luftdruck_Value;5110,87999999999;9,0;0,17609491907460198;False;True;False
97d6c4cc-40ac-442f-b283-2f1d22c2cbcd;Luftdruck_Value_Maxima;IsoGlyph;103119,4;103119,4;True;;25,174;6,0;Luftdruck_Value;5110,87999999999;0,0;0,0;True;True;False
97d6c4cc-40ac-442f-b283-2f1d22c2cbcd;Niederschlag_Uncertainty_Maxima;VSUP;4,282086e-05;7,260401e-05;True;;17,854;7,0;Niederschlag_Uncertainty;7,26025720096e-05;2,978315e-05;41,02216929182877;False;False;False
97d6c4cc-40ac-442f-b283-2f1d22c2cbcd;Luftdruck_Value_Minima;VSUP;102816,8;98008,52;True;;8,251;8,0;Luftdruck_Value;5110,87999999999;4808,279999999999;94,07929749866966;False;False;False
97d6c4cc-40ac-442f-b283-2f1d22c2cbcd;Niederschlag_Uncertainty_Minima;ScaledGlyph;2,831073e-05;1,4379904e-09;True;;10,711;9,0;Niederschlag_Uncertainty;7,26025720096e-05;2,83092920096e-05;38,99213378536611;False;False;True
97d6c4cc-40ac-442f-b283-2f1d22c2cbcd;Luftdruck_Value_Maxima;ScaledGlyph;103110,4;103119,4;True;;9,26;10,0;Luftdruck_Value;5110,87999999999;9,0;0,17609491907460198;False;True;False
97d6c4cc-40ac-442f-b283-2f1d22c2cbcd;Niederschlag_Uncertainty_Maxima;IsoGlyph;4,3881446e-05;7,260401e-05;True;;31,649;11,0;Niederschlag_Uncertainty;7,26025720096e-05;2,8722563999999997e-05;39,56135878519856;False;False;False
97d6c4cc-40ac-442f-b283-2f1d22c2cbcd;Luftdruck_Value_Minima;IsoGlyph;103110,4;98008,52;True;;9,293;12,0;Luftdruck_Value;5110,87999999999;5101,87999999999;99,8239050809254;False;False;False
97d6c4cc-40ac-442f-b283-2f1d22c2cbcd;Niederschlag_Uncertainty_Minima;VSUP;1,5849711e-06;1,4379904e-09;True;;16,978;13,0;Niederschlag_Uncertainty;7,26025720096e-05;1,5835331096000001e-06;2,1810978120590754;False;False;False
97d6c4cc-40ac-442f-b283-2f1d22c2cbcd;Luftdruck_Value_Maxima;VSUP;103110,4;103119,4;True;;9,605;14,0;Luftdruck_Value;5110,87999999999;9,0;0,17609491907460198;False;True;False
97d6c4cc-40ac-442f-b283-2f1d22c2cbcd;Niederschlag_Uncertainty_Maxima;ScaledGlyph;4,243185e-05;7,260401e-05;True;;12,446;15,0;Niederschlag_Uncertainty;7,26025720096e-05;3,017216e-05;41,55797675598935;False;False;False
97d6c4cc-40ac-442f-b283-2f1d22c2cbcd;Luftdruck_Value_Minima;ScaledGlyph;98121,08;98008,52;True;;13,389;16,0;Luftdruck_Value;5110,87999999999;112,55999999999767;2,2023604545596434;False;False;False
97d6c4cc-40ac-442f-b283-2f1d22c2cbcd;Niederschlag_Uncertainty_Minima;IsoGlyph;3,9781443e-07;1,4379904e-09;True;;11,048;17,0;Niederschlag_Uncertainty;7,26025720096e-05;3,9637643960000003e-07;0,5459537157273002;False;True;False
9bd7378d-a24e-481b-89d2-562509889c3e;Niederschlag_Uncertainty_Maxima;VSUP;2,831073e-05;7,260401e-05;True;;31,298;6,0;Niederschlag_Uncertainty;7,26025720096e-05;4,429328e-05;61,007866214633886;False;False;False
9bd7378d-a24e-481b-89d2-562509889c3e;Niederschlag_Uncertainty_Minima;ScaledGlyph;8,960144e-08;1,4379904e-09;True;;55,752;7,0;Niederschlag_Uncertainty;7,26025720096e-05;8,81634496e-08;0,12143295638113544;False;True;False
9bd7378d-a24e-481b-89d2-562509889c3e;Luftdruck_Value_Maxima;IsoGlyph;103110,4;103119,4;True;;113,241;8,0;Luftdruck_Value;5110,87999999999;9,0;0,17609491907460198;False;True;False
9bd7378d-a24e-481b-89d2-562509889c3e;Luftdruck_Value_Minima;VSUP;98021,57;98008,52;True;;46,736;9,0;Luftdruck_Value;5110,87999999999;13,05000000000291;0,2553376326582298;False;True;False
9bd7378d-a24e-481b-89d2-562509889c3e;Niederschlag_Uncertainty_Maxima;ScaledGlyph;6,7887515e-05;7,260401e-05;True;;123,424;10,0;Niederschlag_Uncertainty;7,26025720096e-05;4,716495000000001e-06;6,49631944082691;False;False;False
9bd7378d-a24e-481b-89d2-562509889c3e;Niederschlag_Uncertainty_Minima;IsoGlyph;1,319116e-07;1,4379904e-09;True;;38,761;11,0;Niederschlag_Uncertainty;7,26025720096e-05;1,304736096e-07;0,17970934911610004;False;True;False
9bd7378d-a24e-481b-89d2-562509889c3e;Luftdruck_Value_Maxima;VSUP;103107,33;103119,4;True;;15,46;12,0;Luftdruck_Value;5110,87999999999;12,069999999992433;0,2361628525810126;False;True;False
9bd7378d-a24e-481b-89d2-562509889c3e;Luftdruck_Value_Minima;ScaledGlyph;98160,21;98008,52;True;;43,468;13,0;Luftdruck_Value;5110,87999999999;151,69000000000233;2,9679820304918647;False;False;False
9bd7378d-a24e-481b-89d2-562509889c3e;Niederschlag_Uncertainty_Maxima;IsoGlyph;4,9601822e-05;7,260401e-05;True;;66,219;14,0;Niederschlag_Uncertainty;7,26025720096e-05;2,3002188000000002e-05;31,682332131372007;False;False;False
9bd7378d-a24e-481b-89d2-562509889c3e;Niederschlag_Uncertainty_Minima;VSUP;6,888624e-05;1,4379904e-09;True;;46,165;15,0;Niederschlag_Uncertainty;7,26025720096e-05;6,88848020096e-05;94,8792860953901;False;False;True
9bd7378d-a24e-481b-89d2-562509889c3e;Luftdruck_Value_Maxima;ScaledGlyph;101164,39;103119,4;True;;71,974;16,0;Luftdruck_Value;5110,87999999999;1955,0099999999948;38,25192530444852;False;False;False
9bd7378d-a24e-481b-89d2-562509889c3e;Luftdruck_Value_Minima;IsoGlyph;98010,63;98008,52;True;;78,005;17,0;Luftdruck_Value;5110,87999999999;2,110000000000582;0,04128447547194585;False;True;False
9edd5d78-5949-4094-818b-ed11035f0353;Niederschlag_Uncertainty_Minima;ScaledGlyph;1,2736274e-06;1,4379904e-09;True;;170,5;6,0;Niederschlag_Uncertainty;7,26025720096e-05;1,2721894096000001e-06;1,75226493275167;False;False;False
9edd5d78-5949-4094-818b-ed11035f0353;Luftdruck_Value_Minima;VSUP;101044,08;98008,52;True;;88,183;7,0;Luftdruck_Value;5110,87999999999;3035,5599999999977;59,39407694956648;False;False;False
9edd5d78-5949-4094-818b-ed11035f0353;Niederschlag_Uncertainty_Maxima;VSUP;4,490388e-05;7,260401e-05;True;;40,154;8,0;Niederschlag_Uncertainty;7,26025720096e-05;2,7700129999999998e-05;38,15309738109182;False;False;False
9edd5d78-5949-4094-818b-ed11035f0353;Luftdruck_Value_Maxima;IsoGlyph;100879,53;103119,4;True;;25,319;9,0;Luftdruck_Value;5110,87999999999;2239,8699999999953;43,82552515418088;False;False;False
9edd5d78-5949-4094-818b-ed11035f0353;Niederschlag_Uncertainty_Minima;VSUP;2,5786655e-06;1,4379904e-09;True;;15,869;10,0;Niederschlag_Uncertainty;7,26025720096e-05;2,5772275096000003e-06;3,5497743926471665;False;False;False
9edd5d78-5949-4094-818b-ed11035f0353;Luftdruck_Value_Minima;IsoGlyph;102271,46;98008,52;True;;29,765;11,0;Luftdruck_Value;5110,87999999999;4262,940000000002;83,40911936887602;False;False;False
9edd5d78-5949-4094-818b-ed11035f0353;Niederschlag_Uncertainty_Maxima;IsoGlyph;4,000941e-05;7,260401e-05;True;;33,257;12,0;Niederschlag_Uncertainty;7,26025720096e-05;3,25946e-05;44,89455276555509;False;False;False
9edd5d78-5949-4094-818b-ed11035f0353;Luftdruck_Value_Maxima;ScaledGlyph;100952,58;103119,4;True;;19,707;13,0;Luftdruck_Value;5110,87999999999;2166,8199999999924;42,39622139435863;False;False;False
9edd5d78-5949-4094-818b-ed11035f0353;Niederschlag_Uncertainty_Minima;IsoGlyph;4,0766284e-07;1,4379904e-09;True;;19,504;14,0;Niederschlag_Uncertainty;7,26025720096e-05;4,0622484960000003e-07;0,5595185381948814;False;True;False
9edd5d78-5949-4094-818b-ed11035f0353;Luftdruck_Value_Minima;ScaledGlyph;98173,67;98008,52;True;;25,127;15,0;Luftdruck_Value;5110,87999999999;165,14999999999418;3,2313417650188323;False;False;False
9edd5d78-5949-4094-818b-ed11035f0353;Niederschlag_Uncertainty_Maxima;ScaledGlyph;4,921639e-05;7,260401e-05;True;;20,868;16,0;Niederschlag_Uncertainty;7,26025720096e-05;2,338762e-05;32,21321139546893;False;False;False
9edd5d78-5949-4094-818b-ed11035f0353;Luftdruck_Value_Maxima;VSUP;100915,96;103119,4;True;;14,743;17,0;Luftdruck_Value;5110,87999999999;2203,439999999988;43,11273205397098;False;False;False
a3cd1afe-76aa-432c-b637-52f2cb23dbb1;Luftdruck_Value_Maxima;VSUP;103119,4;103119,4;True;;54,448;6,0;Luftdruck_Value;5110,87999999999;0,0;0,0;True;True;False
a3cd1afe-76aa-432c-b637-52f2cb23dbb1;Niederschlag_Uncertainty_Maxima;ScaledGlyph;7,260401e-05;7,260401e-05;True;;134,484;7,0;Niederschlag_Uncertainty;7,26025720096e-05;0,0;0,0;True;True;False
a3cd1afe-76aa-432c-b637-52f2cb23dbb1;Luftdruck_Value_Minima;ScaledGlyph;98094,44;98008,52;True;;55,436;8,0;Luftdruck_Value;5110,87999999999;85,91999999999825;1,6811194940988328;False;False;False
a3cd1afe-76aa-432c-b637-52f2cb23dbb1;Niederschlag_Uncertainty_Minima;IsoGlyph;1,7202063e-09;1,4379904e-09;True;;126,562;9,0;Niederschlag_Uncertainty;7,26025720096e-05;2,822159e-10;0,00038871336398755066;False;True;False
a3cd1afe-76aa-432c-b637-52f2cb23dbb1;Luftdruck_Value_Maxima;IsoGlyph;103110,4;103119,4;True;;82,965;10,0;Luftdruck_Value;5110,87999999999;9,0;0,17609491907460198;False;True;False
a3cd1afe-76aa-432c-b637-52f2cb23dbb1;Niederschlag_Uncertainty_Maxima;VSUP;5,2289022e-05;7,260401e-05;True;;40,705;11,0;Niederschlag_Uncertainty;7,26025720096e-05;2,0314987999999998e-05;27,981085845435082;False;False;False
a3cd1afe-76aa-432c-b637-52f2cb23dbb1;Luftdruck_Value_Minima;VSUP;98017,36;98008,52;True;;35,471;12,0;Luftdruck_Value;5110,87999999999;8,839999999996508;0,1729643427354296;False;True;False
a3cd1afe-76aa-432c-b637-52f2cb23dbb1;Niederschlag_Uncertainty_Minima;ScaledGlyph;1,2909707e-06;1,4379904e-09;True;;113,015;13,0;Niederschlag_Uncertainty;7,26025720096e-05;1,2895327096e-06;1,7761529294437246;False;False;False
a3cd1afe-76aa-432c-b637-52f2cb23dbb1;Luftdruck_Value_Maxima;ScaledGlyph;103119,4;103119,4;True;;39,092;14,0;Luftdruck_Value;5110,87999999999;0,0;0,0;True;True;False
a3cd1afe-76aa-432c-b637-52f2cb23dbb1;Niederschlag_Uncertainty_Maxima;IsoGlyph;5,835816e-05;7,260401e-05;True;;256,433;15,0;Niederschlag_Uncertainty;7,26025720096e-05;1,4245850000000002e-05;19,621687780036662;False;False;False
a3cd1afe-76aa-432c-b637-52f2cb23dbb1;Luftdruck_Value_Minima;IsoGlyph;98097,9;98008,52;True;;49,395;16,0;Luftdruck_Value;5110,87999999999;89,3799999999901;1,748818207431798;False;False;False
a3cd1afe-76aa-432c-b637-52f2cb23dbb1;Niederschlag_Uncertainty_Minima;VSUP;1,7202063e-09;1,4379904e-09;True;;70,26;17,0;Niederschlag_Uncertainty;7,26025720096e-05;2,822159e-10;0,00038871336398755066;False;True;False
be55e91e-6926-4ccb-a615-4366dd10f191;Luftdruck_Value_Maxima;ScaledGlyph;98146,9;103119,4;True;;91,722;6,0;Luftdruck_Value;5110,87999999999;4972,5;97,2924427887176;False;False;False
be55e91e-6926-4ccb-a615-4366dd10f191;Niederschlag_Uncertainty_Maxima;IsoGlyph;4,3881446e-05;7,260401e-05;True;;18,352;7,0;Niederschlag_Uncertainty;7,26025720096e-05;2,8722563999999997e-05;39,56135878519856;False;False;False
be55e91e-6926-4ccb-a615-4366dd10f191;Luftdruck_Value_Minima;IsoGlyph;98115,08;98008,52;True;;52,124;8,0;Luftdruck_Value;5110,87999999999;106,55999999999767;2,084963841843242;False;False;False
be55e91e-6926-4ccb-a615-4366dd10f191;Niederschlag_Uncertainty_Minima;VSUP;8,865927e-07;1,4379904e-09;True;;26,916;9,0;Niederschlag_Uncertainty;7,26025720096e-05;8,851547096e-07;1,2191781711024767;False;False;False
be55e91e-6926-4ccb-a615-4366dd10f191;Luftdruck_Value_Maxima;VSUP;103110,4;103119,4;True;;20,184;10,0;Luftdruck_Value;5110,87999999999;9,0;0,17609491907460198;False;True;False
be55e91e-6926-4ccb-a615-4366dd10f191;Niederschlag_Uncertainty_Maxima;ScaledGlyph;4,43071e-05;7,260401e-05;True;;15,43;11,0;Niederschlag_Uncertainty;7,26025720096e-05;2,8296909999999997e-05;38,97507927991641;False;False;False
be55e91e-6926-4ccb-a615-4366dd10f191;Luftdruck_Value_Minima;ScaledGlyph;98137,35;98008,52;True;;12,658;12,0;Luftdruck_Value;5110,87999999999;128,83000000000175;2,5207009360423642;False;False;False
be55e91e-6926-4ccb-a615-4366dd10f191;Niederschlag_Uncertainty_Minima;IsoGlyph;1,0830488e-06;1,4379904e-09;True;;14,032;13,0;Niederschlag_Uncertainty;7,26025720096e-05;1,0816108096000001e-06;1,4897692735416899;False;False;False
be55e91e-6926-4ccb-a615-4366dd10f191;Luftdruck_Value_Maxima;IsoGlyph;103110,4;103119,4;True;;8,979;14,0;Luftdruck_Value;5110,87999999999;9,0;0,17609491907460198;False;True;False
be55e91e-6926-4ccb-a615-4366dd10f191;Niederschlag_Uncertainty_Maxima;VSUP;2,831073e-05;7,260401e-05;True;;17,374;15,0;Niederschlag_Uncertainty;7,26025720096e-05;4,429328e-05;61,007866214633886;False;False;False
be55e91e-6926-4ccb-a615-4366dd10f191;Luftdruck_Value_Minima;VSUP;98190,61;98008,52;True;;10,513;16,0;Luftdruck_Value;5110,87999999999;182,0899999999965;3,5627915349215176;False;False;False
be55e91e-6926-4ccb-a615-4366dd10f191;Niederschlag_Uncertainty_Minima;ScaledGlyph;5,8834104e-07;1,4379904e-09;True;;11,729;17,0;Niederschlag_Uncertainty;7,26025720096e-05;5,869030495999999e-07;0,8083777659039347;False;True;False
cf01aea4-edcc-4a98-a81b-253e2f3bfac3;Luftdruck_Value_Minima;VSUP;98094,31;98008,52;True;;33,27;6,0;Luftdruck_Value;5110,87999999999;85,7899999999936;1,6785759008232195;False;False;False
cf01aea4-edcc-4a98-a81b-253e2f3bfac3;Luftdruck_Value_Maxima;IsoGlyph;103110,4;103119,4;True;;33,024;7,0;Luftdruck_Value;5110,87999999999;9,0;0,17609491907460198;False;True;False
cf01aea4-edcc-4a98-a81b-253e2f3bfac3;Niederschlag_Uncertainty_Minima;ScaledGlyph;6,929935e-09;1,4379904e-09;True;;35,774;8,0;Niederschlag_Uncertainty;7,26025720096e-05;5,491944599999999e-09;0,007564393998705471;False;True;False
cf01aea4-edcc-4a98-a81b-253e2f3bfac3;Niederschlag_Uncertainty_Maxima;VSUP;3,5712448e-05;7,260401e-05;True;;37,647;9,0;Niederschlag_Uncertainty;7,26025720096e-05;3,6891562e-05;50,81302353189629;False;False;False
cf01aea4-edcc-4a98-a81b-253e2f3bfac3;Luftdruck_Value_Minima;ScaledGlyph;98010,63;98008,52;True;;23,283;10,0;Luftdruck_Value;5110,87999999999;2,110000000000582;0,04128447547194585;False;True;False
cf01aea4-edcc-4a98-a81b-253e2f3bfac3;Luftdruck_Value_Maxima;VSUP;103100,84;103119,4;True;;16,51;11,0;Luftdruck_Value;5110,87999999999;18,55999999999767;0,36314685533602253;False;True;False
cf01aea4-edcc-4a98-a81b-253e2f3bfac3;Niederschlag_Uncertainty_Minima;IsoGlyph;1,6254884e-08;1,4379904e-09;True;;10,855;12,0;Niederschlag_Uncertainty;7,26025720096e-05;1,4816893599999999e-08;0,020408221347916998;False;True;False
cf01aea4-edcc-4a98-a81b-253e2f3bfac3;Niederschlag_Uncertainty_Maxima;ScaledGlyph;7,260401e-05;7,260401e-05;True;;38,386;13,0;Niederschlag_Uncertainty;7,26025720096e-05;0,0;0,0;True;True;False
cf01aea4-edcc-4a98-a81b-253e2f3bfac3;Luftdruck_Value_Minima;IsoGlyph;98010,63;98008,52;True;;26,138;14,0;Luftdruck_Value;5110,87999999999;2,110000000000582;0,04128447547194585;False;True;False
cf01aea4-edcc-4a98-a81b-253e2f3bfac3;Luftdruck_Value_Maxima;ScaledGlyph;103107,33;103119,4;True;;33,057;15,0;Luftdruck_Value;5110,87999999999;12,069999999992433;0,2361628525810126;False;True;False
cf01aea4-edcc-4a98-a81b-253e2f3bfac3;Niederschlag_Uncertainty_Minima;VSUP;4,2327648e-07;1,4379904e-09;True;;36,948;16,0;Niederschlag_Uncertainty;7,26025720096e-05;4,218384896e-07;0,5810241674967406;False;True;False
cf01aea4-edcc-4a98-a81b-253e2f3bfac3;Niederschlag_Uncertainty_Maxima;IsoGlyph;6,7887515e-05;7,260401e-05;True;;27,288;17,0;Niederschlag_Uncertainty;7,26025720096e-05;4,716495000000001e-06;6,49631944082691;False;False;False
e4bec96d-b98b-4a55-baeb-44d6ab1532b3;Luftdruck_Value_Minima;ScaledGlyph;98103,1;98008,52;True;;17,722;6,0;Luftdruck_Value;5110,87999999999;94,58000000000175;1,8505619384529068;False;False;False
e4bec96d-b98b-4a55-baeb-44d6ab1532b3;Luftdruck_Value_Maxima;VSUP;103013,53;103119,4;True;;15,372;7,0;Luftdruck_Value;5110,87999999999;105,86999999999534;2,07146323138081;False;False;False
e4bec96d-b98b-4a55-baeb-44d6ab1532b3;Niederschlag_Uncertainty_Minima;IsoGlyph;1,3286352e-06;1,4379904e-09;True;;26,358;8,0;Niederschlag_Uncertainty;7,26025720096e-05;1,3271972096000001e-06;1,8280305681519233;False;False;False
e4bec96d-b98b-4a55-baeb-44d6ab1532b3;Niederschlag_Uncertainty_Maxima;ScaledGlyph;5,0181607e-05;7,260401e-05;True;;21,526;9,0;Niederschlag_Uncertainty;7,26025720096e-05;2,2422403e-05;30,883758494168994;False;False;False
e4bec96d-b98b-4a55-baeb-44d6ab1532b3;Luftdruck_Value_Minima;IsoGlyph;101197,62;98008,52;True;;15,442;10,0;Luftdruck_Value;5110,87999999999;3189,0999999999913;62,39825626897907;False;False;False
e4bec96d-b98b-4a55-baeb-44d6ab1532b3;Luftdruck_Value_Maxima;ScaledGlyph;100417,94;103119,4;True;;32,175;11,0;Luftdruck_Value;5110,87999999999;2701,459999999992;52,85704223147476;False;False;False
e4bec96d-b98b-4a55-baeb-44d6ab1532b3;Niederschlag_Uncertainty_Minima;VSUP;9,930495e-07;1,4379904e-09;True;;12,123;12,0;Niederschlag_Uncertainty;7,26025720096e-05;9,916115096000001e-07;1,3658076871834273;False;False;False
e4bec96d-b98b-4a55-baeb-44d6ab1532b3;Niederschlag_Uncertainty_Maxima;IsoGlyph;5,22469e-05;7,260401e-05;True;;41,596;13,0;Niederschlag_Uncertainty;7,26025720096e-05;2,0357109999999996e-05;28,039103073797772;False;False;False
e4bec96d-b98b-4a55-baeb-44d6ab1532b3;Luftdruck_Value_Minima;VSUP;98192,6;98008,52;True;;15,017;14,0;Luftdruck_Value;5110,87999999999;184,08000000000175;3,6017280781392267;False;False;False
e4bec96d-b98b-4a55-baeb-44d6ab1532b3;Luftdruck_Value_Maxima;IsoGlyph;101803,04;103119,4;True;;19,371;15,0;Luftdruck_Value;5110,87999999999;1316,3600000000006;25,756034185893686;False;False;False
e4bec96d-b98b-4a55-baeb-44d6ab1532b3;Niederschlag_Uncertainty_Minima;ScaledGlyph;9,97824e-07;1,4379904e-09;True;;16,2;16,0;Niederschlag_Uncertainty;7,26025720096e-05;9,963860096e-07;1,372383900488059;False;False;False
e4bec96d-b98b-4a55-baeb-44d6ab1532b3;Niederschlag_Uncertainty_Maxima;VSUP;4,243185e-05;7,260401e-05;True;;16,087;17,0;Niederschlag_Uncertainty;7,26025720096e-05;3,017216e-05;41,55797675598935;False;False;False
