Teilnehmer;VSUP;ScaledGlyph;IsoGlyph
08e4cf92-36c9-4904-af75-845c4216238d;42,384858176167434;31,529368267919605;60,34033321758997
29f255aa-1285-4664-9c07-0f88b583bd3b;45,53571296536033;64,4976938651715;41,81999831857323
4514dbd4-54fe-40d2-96d6-27bbb7accc29;10,290366729079176;11,98323531419184;11,831432381024992
5ec895f4-c4a9-4096-8048-bf78c36aeb0e;46,346949605071586;42,91459715690205;34,002008860192724
86e7d467-4933-49c3-a11a-6e322d55f191;1,3295434823671999;1,844350504602159;5,063151098395347
97d6c4cc-40ac-442f-b283-2f1d22c2cbcd;34,36466488040802;20,732141478747426;34,982804395462814
9bd7378d-a24e-481b-89d2-562509889c3e;39,09466319881581;11,959414933037108;8,019855218758664
9edd5d78-5949-4094-818b-ed11035f0353;36,05242019431911;19,89825987189952;43,17217895670172
a3cd1afe-76aa-432c-b637-52f2cb23dbb1;7,038609725383624;0,8643181058856393;5,386747404976763
be55e91e-6926-4ccb-a615-4366dd10f191;16,49148270993312;34,899150192645074;10,828046704914522
cf01aea4-edcc-4a98-a81b-253e2f3bfac3;13,358942613888068;0,07125293051291598;1,6835267641803437
e4bec96d-b98b-4a55-baeb-44d6ab1532b3;12,149243938173203;21,740936641146178;29,50535602420561
