Aufgabe;Methode;n;Mittlerer_Rang;Anteil_Erstplatz_%;Erstplatz_gewichtet;Rang_1;Rang_2;Rang_3;An Gleichständen beteiligt
Niederschlag_Uncertainty_Maxima;VSUP;12;2,25;16,666666666666664;2,0;2;5;5;0
Niederschlag_Uncertainty_Maxima;ScaledGlyph;12;1,6666666666666667;58,333333333333336;7,0;7;2;3;0
Niederschlag_Uncertainty_Maxima;IsoGlyph;12;2,0833333333333335;25,0;3,0;3;5;4;0
Niederschlag_Uncertainty_Minima;VSUP;12;2,2083333333333335;20,833333333333336;2,5;2;4;5;1
Niederschlag_Uncertainty_Minima;ScaledGlyph;12;2,0833333333333335;33,33333333333333;4,0;4;3;5;0
Niederschlag_Uncertainty_Minima;IsoGlyph;12;1,7083333333333333;45,83333333333333;5,5;5;4;2;1
Luftdruck_Value_Maxima;VSUP;12;2,0833333333333335;25,0;3,0;2;3;3;4
Luftdruck_Value_Maxima;ScaledGlyph;12;2,2083333333333335;20,833333333333336;2,5;2;3;4;3
Luftdruck_Value_Maxima;IsoGlyph;12;1,7083333333333333;54,166666666666664;6,5;6;2;3;1
Luftdruck_Value_Minima;VSUP;12;1,9166666666666667;25,0;3,0;3;7;2;0
Luftdruck_Value_Minima;ScaledGlyph;12;1,7916666666666667;45,83333333333333;5,5;5;3;3;1
Luftdruck_Value_Minima;IsoGlyph;12;2,2916666666666665;29,166666666666668;3,5;3;1;7;1
