Aufgabe;Methode;Antworten insgesamt;Gültige Antworten;Ungültige Antworten;Exakte Antworten;Antworten innerhalb 1 %;Exakte Antworten (%);Antworten innerhalb 1 % (%);Absoluter Fehler – Mittelwert;Absoluter Fehler – Median;Absoluter Fehler – Standardabweichung;Absoluter Fehler – Q1;Absoluter Fehler – Q3;Absoluter Fehler – IQR;Normalisierter Fehler (%) – Mittelwert;Normalisierter Fehler (%) – Median;Normalisierter Fehler (%) – Standardabweichung;Normalisierter Fehler (%) – Q1;Normalisierter Fehler (%) – Q3;Normalisierter Fehler (%) – IQR;Zeit (s) – Mittelwert;Zeit (s) – Median;Zeit (s) – Standardabweichung
Niederschlag_Uncertainty_Maxima;VSUP;13;13;0;0;0;0,0;0,0;3,1755243584615386e-05;2,978315e-05;1,6050545022859635e-05;2,3002188000000002e-05;3,6891562e-05;1,3889373999999998e-05;43,73845540956385;41,02216929182877;22,10740553480299;31,682332131372007;50,81302353189629;19,130691400524285;46,85669230769231;39,851;35,15906188164633
Niederschlag_Uncertainty_Maxima;ScaledGlyph;13;13;0;2;2;15,384615384615385;15,384615384615385;2,5161203693046156e-05;2,338762e-05;2,0902300556582197e-05;4,716495000000001e-06;3,0720927999999996e-05;2,6004432999999995e-05;34,65607759697435;32,21321139546893;28,790027650560855;6,49631944082691;42,313828766201105;35,817509325374196;51,71446153846153;38,386;41,62099918233461
Niederschlag_Uncertainty_Maxima;IsoGlyph;13;12;1;0;0;0,0;0,0;2,6956491609166665e-05;2,5862376e-05;1,6934353079627456e-05;1,8797703499999997e-05;3,198593225e-05;1,3188228750000004e-05;37,128838363470514;35,62184545828528;23,324728877908463;25,891236329085476;44,05619713551003;18,164960806424556;76,31125;37,4265;78,49809292660323
Niederschlag_Uncertainty_Minima;VSUP;13;12;1;0;4;0,0;33,33333333333333;1,1199862841041668e-05;9,383831096e-07;2,135118309522491e-05;4,857494545999999e-07;7,4455633846e-06;6,95981393e-06;15,426261812819448;1,292492929142952;29,40830125467417;0,6690526811305954;10,255233634995047;9,586180953864451;40,604749999999996;29,326999999999998;32,92638072793469
Niederschlag_Uncertainty_Minima;ScaledGlyph;13;12;1;0;5;0,0;41,66666666666667;3,09656800085e-06;9,715296096e-07;7,955902827308233e-06;5,135093996e-07;1,2765252346e-06;7,630158350000001e-07;4,265094080193951;1,3381476478154766;10,958155623269448;0,7072881654001187;1,7582369319246836;1,0509487665245647;65,51516666666667;46,233999999999995;59,57586561967299
Niederschlag_Uncertainty_Minima;IsoGlyph;13;13;0;1;9;7,6923076923076925;69,23076923076923;5,520087884038462e-06;3,9637643960000003e-07;1,8409468441193377e-05;2,98538566e-08;7,556923096e-07;7,258384529999999e-07;7,603157479474087;0,5459537157273002;25,356496239222974;0,0411195578526509;1,0408616233321282;0,9997420654794773;47,19423076923077;26,358;40,101394063785044
Luftdruck_Value_Maxima;VSUP;13;13;0;1;6;7,6923076923076925;46,15384615384615;1058,676923076919;105,86999999999534;1619,252566548243;12,069999999992433;2203,439999999988;2191,3699999999953;20,71418078837541;2,07146323138081;31,682461074183824;0,2361628525810126;43,11273205397098;42,87656920138997;32,46561538461538;20,184;31,13248425288946
Luftdruck_Value_Maxima;ScaledGlyph;13;12;1;1;5;8,333333333333332;41,66666666666667;1937,5833333333285;2060,9149999999936;1940,485446706257;11,302499999994325;3020,9999999999964;3009,697500000002;37,91095336484778;40,32407334940358;37,967736411464585;0,22114586920440996;59,10919450270799;58,88804863350358;51,01783333333333;44,6995;32,09466811802329
Luftdruck_Value_Maxima;IsoGlyph;13;13;0;1;7;7,6923076923076925;53,84615384615385;1091,599230769229;42,669999999998254;1315,7689485586068;9,0;2096,699999999997;2087,699999999997;21,358342022689463;0,8348855774347732;25,744469613033555;0,17609491907460198;41,02424631374638;40,84815139467178;52,34115384615385;33,024;36,398372014524114
Luftdruck_Value_Minima;VSUP;13;12;1;0;4;0,0;33,33333333333333;1318,8758333333305;183,08499999999913;1690,2089178746141;11,99750000000131;2448,924999999992;2436,9274999999907;25,805259237809008;3,582259806530372;33,07080029025563;0,23474431017752972;47,91591663275203;47,6811723225745;43,10724999999999;34,3705;31,482680985308853
Luftdruck_Value_Minima;ScaledGlyph;13;13;0;0;1;0,0;7,6923076923076925;904,7530769230754;151,69000000000233;1349,8390013959952;94,58000000000175;1280,5099999999948;1185,929999999993;17,702491095918454;2,9679820304918647;26,411087746063256;1,8505619384529068;25,054589424913072;23,204027486460166;39,103923076923074;25,127;35,661829354510914
Luftdruck_Value_Minima;IsoGlyph;13;12;1;0;2;0,0;16,666666666666664;1941,9333333333295;502,49499999999534;2230,8659678630834;102,26499999999578;4278,877500000002;4176,612500000007;37,99606590906719;9,831868484487922;43,6493513419037;2,000927433240381;83,72095412140396;81,72002668816359;50,69133333333334;39,58;45,34091273158639
