participantId;visualization;region;justification;confidence;duration_ms;trialId;chosen_temperature_mean;deviation_from_target;chosen_uncertainty;is_safest_region
4d19396b-7d8d-4d99-8da7-ded7bf2ae5ef;VSUP;R2;Einheitliche Temperatur nah an -12 und geringe Unsicherheit;5;55819.0;Temperatur_Regions_VSUP;-1.23907347408;10.76092652592;3.135608284;False
4d19396b-7d8d-4d99-8da7-ded7bf2ae5ef;ScaledGlyph;R2;Temperatur sehr nah an -12 Grad;6;45428.0;Temperatur_Regions_ScaledGlyph;-0.9009721432;11.0990278568;3.080212368;False
4d19396b-7d8d-4d99-8da7-ded7bf2ae5ef;IsoGlyph;R4;Trotz gewisser Unsicherheit die Region die am nähsten an -12 Grad liegt;6;66632.0;Temperatur_Regions_IsoGlyph;-3.604896392;8.395103608;1.424277884;False
69febfea-93f2-4aee-8411-6778d021f078;VSUP;R1;Passendste Temperatur;5;28302.0;Temperatur_Regions_VSUP;-13.1901063;1.1901063;5.4355829;False
69febfea-93f2-4aee-8411-6778d021f078;ScaledGlyph;R1;Ideale Temperatur von -12 Grad;4;49140.0;Temperatur_Regions_ScaledGlyph;-13.324312746;1.324312746;5.06290306;False
69febfea-93f2-4aee-8411-6778d021f078;IsoGlyph;R2;Konstante Temperatur und Unsicherheit;6;36300.0;Temperatur_Regions_IsoGlyph;-0.94865091016;11.05134908984;3.129501516;False
ee65e316-170a-44d6-9f78-450e8ec54ccf;VSUP;R4;Sichere Region mit guten Werten;6;71881.0;Temperatur_Regions_VSUP;-20.09617172;8.09617172;1.429650956;False
ee65e316-170a-44d6-9f78-450e8ec54ccf;ScaledGlyph;R4;Insgesamt die sicherste Region;5;52013.0;Temperatur_Regions_ScaledGlyph;-19.99693754;7.99693754;1.455844682;False
ee65e316-170a-44d6-9f78-450e8ec54ccf;IsoGlyph;R5;Aufgrund der geringen Unsicherheit die vorhersehbarste Region;5;43866.0;Temperatur_Regions_IsoGlyph;2.78459602;14.78459602;0.6421452136;True
