Methode;Region;Temperatur_C;Temperaturabweichung_C;Unsicherheit
IsoGlyph;R1;-13,1901063;1,1901063;5,4355829
IsoGlyph;R2;-0,94865091016;11,05134908984;3,129501516
IsoGlyph;R3;0,583982728;12,583982728;1,5260805704
IsoGlyph;R4;-3,604896392;8,395103608;1,424277884
IsoGlyph;R5;2,78459602;14,78459602;0,6421452136
ScaledGlyph;R1;-13,324312746;1,3243127460000004;5,06290306
ScaledGlyph;R2;-0,9009721432;11,0990278568;3,080212368
ScaledGlyph;R3;0,619351364;12,619351364;1,5227066124
ScaledGlyph;R4;-19,99693754;7,996937540000001;1,455844682
ScaledGlyph;R5;2,77247876;14,77247876;0,650520978
VSUP;R1;-13,1901063;1,1901063;5,4355829
VSUP;R2;-1,23907347408;10,76092652592;3,135608284
VSUP;R3;0,4606507216;12,4606507216;1,4988802804
VSUP;R4;-20,09617172;8,096171720000001;1,429650956
VSUP;R5;2,704020264;14,704020264;0,6453833008
