participantId;VSUP;Scaled Glyph;IsoGlyph
08e4cf92-36c9-4904-af75-845c4216238d;5;3;2
29f255aa-1285-4664-9c07-0f88b583bd3b;1;5;4
4514dbd4-54fe-40d2-96d6-27bbb7accc29;4;2;5
500e39fd-101a-4580-a6be-ae82ef7f18b1;5;2;5
5ec895f4-c4a9-4096-8048-bf78c36aeb0e;1;2;5
86e7d467-4933-49c3-a11a-6e322d55f191;4;3;6
97d6c4cc-40ac-442f-b283-2f1d22c2cbcd;3;3;1
9bd7378d-a24e-481b-89d2-562509889c3e;3;6;2
9edd5d78-5949-4094-818b-ed11035f0353;5;2;3
a3cd1afe-76aa-432c-b637-52f2cb23dbb1;5;7;5
be55e91e-6926-4ccb-a615-4366dd10f191;3;4;3
cf01aea4-edcc-4a98-a81b-253e2f3bfac3;5;4;2
e4bec96d-b98b-4a55-baeb-44d6ab1532b3;1;3;4
