Methode;Region;n_gewählt;n_gültige_Wahlen;Anteil_%
VSUP;R1;2;13;15,384615384615385
VSUP;R2;1;13;7,6923076923076925
VSUP;R3;2;13;15,384615384615385
VSUP;R4;5;13;38,46153846153846
VSUP;R5;3;13;23,076923076923077
ScaledGlyph;R1;2;13;15,384615384615385
ScaledGlyph;R2;1;13;7,6923076923076925
ScaledGlyph;R3;0;13;0,0
ScaledGlyph;R4;7;13;53,84615384615385
ScaledGlyph;R5;3;13;23,076923076923077
IsoGlyph;R1;1;13;7,6923076923076925
IsoGlyph;R2;3;13;23,076923076923077
IsoGlyph;R3;2;13;15,384615384615385
IsoGlyph;R4;6;13;46,15384615384615
IsoGlyph;R5;1;13;7,6923076923076925
